id,name,nameZh,type,category,power,accuracy,pp,description,effect,tags,notes
173,snore,打鼾,normal,special,50,100,15,在自己睡觉时， 发出噪音进行攻击。 有时会使对手畏缩。,,声音类,30%几率畏缩
237,hidden-power,觉醒力量,normal,special,60,100,15,招式的属性会随着 使用此招式的宝可梦而改变。,,,
92,toxic,剧毒,poison,status,0,90,10,让对手陷入剧毒状态。 随着回合的推进， 中毒伤害会增加。,变化招式,,
102,mimic,模仿,normal,status,0,100,10,可以将对手 最后使用的招式， 在战斗内变成自己的招式。,,,
104,double-team,影子分身,normal,status,0,100,15,通过快速移动来制造分身， 扰乱对手，从而提高闪避率。,变化招式,,
156,rest,睡觉,psychic,status,0,100,5,连续睡上２回合。 回复自己的全部ＨＰ 以及治愈所有异常状态。,变化招式,,
164,substitute,替身,normal,status,0,100,10,削减少许自己的ＨＰ， 制造分身。 分身将成为自己的替身。,变化招式,,
182,protect,守住,normal,status,0,100,10,完全抵挡 对手的攻击。 连续使出则容易失败。,变化招式,守住类,若上一回合成功使用守住类技能，则这一回合继续使用的话成功概率会变成上次的1/3，比如第一回合使用是100，第二回合继续用就变成100/3，第三回合继续用就变成100/9
203,endure,挺住,normal,status,0,100,10,即使受到攻击， 也至少会留下１ＨＰ。 连续使出则容易失败。,变化招式,,
207,swagger,虚张声势,normal,status,0,85,15,激怒对手，使其混乱。 因为愤怒，对手的攻击 会大幅提高。,变化招式,,
214,sleep-talk,梦话,normal,status,0,100,10,从自己已学会的招式中 任意使出１个。 只能在自己睡觉时使用。,,,
216,return,报恩,normal,physical,0,100,20,为了训练家而 全力攻击对手。 亲密度越高，威力越大。,,接触类,
218,frustration,迁怒,normal,physical,0,100,20,为了发泄不满而 全力攻击对手。 亲密度越低，威力越大。,,接触类,
263,facade,硬撑,normal,physical,70,100,20,当自己处于中毒、麻痹、灼伤状态时， 向对手使出此招式的话， 威力会变成２倍。,,接触类,
290,secret-power,秘密之力,normal,physical,70,100,20,根据使用场所不同， 该招式的追加效果也会有所变化。,,,
363,natural-gift,自然之恩,normal,physical,0,100,15,从树果上获得力量进行攻击。 根据携带的树果， 招式属性和威力会改变。,,,
496,round,轮唱,normal,special,60,100,15,用歌声攻击对手。 同伴还可以接着使出轮唱招式， 威力也会提高。,,声音类,
590,confide,密语,normal,status,0,100,20,和对手进行密语， 使其失去集中力， 从而降低对手的特攻。,变化招式,声音类,
38,double-edge,舍身冲撞,normal,physical,120,100,15,拼命地猛撞向对手进行攻击。 自己也会受到不小的伤害。,反伤 33%,接触类;反伤类,
213,attract,迷人,normal,status,0,100,15,♂诱惑♀或♀诱惑♂， 让对手着迷。 对手将很难使出招式。,,,
445,captivate,诱惑,normal,status,0,100,20,♂诱惑♀或♀诱惑♂， 从而大幅降低对手的特攻。,变化招式,,
29,headbutt,头锤,normal,physical,70,100,15,将头伸出， 笔直地扑向对手进行攻击。 有时会使对手畏缩。,30%，畏缩,接触类,30几率畏缩
36,take-down,猛撞,normal,physical,90,85,20,以惊人的气势 撞向对手进行攻击。 自己也会受到少许伤害。,反伤 25%,接触类;反伤类,
34,body-slam,泰山压顶,normal,physical,85,100,15,用整个身体 压住对手进行攻击。 有时会让对手陷入麻痹状态。,30%，麻痹,接触类,
240,rain-dance,求雨,water,status,0,100,5,在５回合内一直降雨， 从而提高水属性的招式威力。 火属性的招式威力则降低。,变化招式,,火属性招式威力减半
241,sunny-day,大晴天,fire,status,0,100,5,在５回合内阳光变得强烈， 从而提高火属性的招式威力。 水属性的招式威力则降低。,变化招式,,水属性招式威力减半
174,curse,诅咒,ghost,status,0,100,10,使用该招式的宝可梦， 其属性是幽灵属性或其他属性时， 效果会不一样。,变化招式,,
189,mud-slap,掷泥,ground,special,20,100,10,向对手的脸等 投掷泥块进行攻击。 会降低对手的命中率。,必定，对方命中 -1,,
851,tera-blast,太晶爆发,normal,special,80,100,10,,,,
270,helping-hand,帮助,normal,status,0,100,20,帮助伙伴。 被帮助的宝可梦， 其招式威力变得比平时大。,,,
129,swift,高速星星,normal,special,60,100,20,发射星形的光攻击对手。 攻击必定会命中。,必定命中,,
249,rock-smash,碎岩,fighting,physical,40,100,15,用拳头进行攻击。 有时会降低对手的防御。,50%，对方防御 -1,接触类,
168,thief,小偷,dark,physical,60,100,25,攻击的同时盗取道具。 当自己携带道具时， 不会去盗取。,,接触类,
416,giga-impact,终极冲击,normal,physical,150,90,5,使出自己浑身力量突击对手。 下一回合自己将无法动弹。,攻击后下回合不能动,接触类,
63,hyper-beam,破坏光线,normal,special,150,90,5,向对手发射 强烈的光线进行攻击。 下一回合自己将无法动弹。,攻击后下回合不能动,,
70,strength,怪力,normal,physical,80,100,15,使出浑身力气 殴打对手进行攻击。,,接触类,
91,dig,挖洞,ground,physical,80,100,10,第１回合钻入， 第２回合攻击对手。,需要一回合蓄力,接触类,
117,bide,忍耐,normal,physical,0,100,10,在２回合内忍受攻击， 受到的伤害会 ２倍返还给对手。,,,
196,icy-wind,冰冻之风,ice,special,55,95,15,将结冰的冷气 吹向对手进行攻击。 会降低对手的速度。,必定，对方速度 -1,风类,
99,rage,愤怒,normal,physical,20,100,20,如果在使出招式后 受到攻击的话， 会因愤怒的力量而提高攻击。,,接触类,
33,tackle,撞击,normal,physical,40,100,35,用整个身体 撞向对手进行攻击。,,接触类,
148,flash,闪光,normal,status,0,100,20,使出耀眼光芒， 从而降低对手的命中率。,变化招式,,
68,counter,双倍奉还,fighting,physical,0,100,20,从对手那里受到 物理攻击的伤害将以 ２倍返还给同一个对手。,,接触类,
374,fling,投掷,dark,physical,0,100,10,快速投掷携带的道具进行攻击。 根据道具不同， 威力和效果会改变。,,,
58,ice-beam,冰冻光束,ice,special,90,100,10,向对手发射 冰冻光束进行攻击。 有时会让对手陷入冰冻状态。,10%，冰冻,,
352,water-pulse,水之波动,water,special,60,100,20,用水的震动攻击对手。 有时会使对手混乱。,20%，混乱,波动类,
115,reflect,反射壁,psychic,status,0,100,20,在５回合内使用神奇的墙， 减弱从对手那受到的 物理攻击的伤害。,变化招式,墙类,
231,iron-tail,铁尾,steel,physical,100,75,15,使用坚硬的尾巴 摔打对手进行攻击。 有时会降低对手的防御。,30%，对方防御 -1,接触类,
317,rock-tomb,岩石封锁,rock,physical,60,95,15,投掷岩石进行攻击。 封住对手的行动， 从而降低速度。,必定，对方速度 -1,,
157,rock-slide,岩崩,rock,physical,75,90,10,将大岩石 猛烈地撞向对手进行攻击。 有时会使对手畏缩。,30%，畏缩,,
523,bulldoze,重踏,ground,physical,60,100,20,用力踩踏地面并攻击 自己周围所有的宝可梦。 降低对方的速度。,必定，对方速度 -1,,
280,brick-break,劈瓦,fighting,physical,75,100,15,将手刀猛烈地挥下攻击对手。 还可以破坏光墙和反射壁等。,,接触类,
59,blizzard,暴风雪,ice,special,110,70,5,将猛烈的暴风雪 刮向对手进行攻击。 有时会让对手陷入冰冻状态。,10%，冰冻,风类,
253,uproar,吵闹,normal,special,90,100,10,在３回合内 用骚乱攻击对手。 在此期间谁都不能入眠。,,声音类,
332,aerial-ace,燕返,flying,physical,60,100,20,以敏捷的动作 戏弄对手后进行切斩。 攻击必定会命中。,必定命中,切割类,
247,shadow-ball,暗影球,ghost,special,80,100,15,投掷一团黑影进行攻击。 有时会降低对手的特防。,20%，对方特防 -1,弹类,
111,defense-curl,变圆,normal,status,0,100,40,将身体蜷曲变圆， 从而提高自己的防御。,变化招式,,
76,solar-beam,日光束,grass,special,120,100,10,第１回合收集满满的日光， 第２回合发射光束进行攻击。,需要一回合蓄力,,
89,earthquake,地震,ground,physical,100,100,10,利用地震的冲击， 攻击自己周围所有的宝可梦。,,,
244,psych-up,自我暗示,normal,status,0,100,10,向自己施以自我暗示， 将能力变化的状态 变得和对手一样。,,,
5,mega-punch,百万吨重拳,normal,physical,80,85,20,用充满力量的拳头攻击对手。,,拳类;接触类,
69,seismic-toss,地球上投,fighting,physical,0,100,20,利用引力将对手甩飞出去。 给予对手和自己等级相同的伤害。,,接触类,
25,mega-kick,百万吨重踢,normal,physical,120,75,5,使出力大无穷的重踢 踢飞对手进行攻击。,,接触类,
223,dynamic-punch,爆裂拳,fighting,physical,100,50,5,使出浑身力气出拳进行攻击。 必定会使对手混乱。,必定，混乱,拳类;接触类,
428,zen-headbutt,意念头锤,psychic,physical,80,90,15,将思念的力量集中在 前额进行攻击。 有时会使对手畏缩。,20%，畏缩,接触类,
351,shock-wave,电击波,electric,special,60,100,20,向对手快速发出电击。 攻击必定会命中。,必定命中,,
264,focus-punch,真气拳,fighting,physical,150,100,20,集中精神出拳。 在招式使出前 若受到攻击则会失败。,需要一回合蓄力,拳类;接触类,
885,trailblaze,起草,grass,physical,50,100,20,,必定，自身速度 +1,接触类,
612,power-up-punch,增强拳,fighting,physical,40,100,20,通过反复击打对手， 使自己的拳头慢慢变硬。 打中对手攻击就会提高。,,拳类;接触类,击中后攻击+1
197,detect,看穿,fighting,status,0,100,5,完全抵挡 对手的攻击。 连续使出则容易失败。,变化招式,守住类,
113,light-screen,光墙,psychic,status,0,100,30,在５回合内使用神奇的墙， 减弱从对手那受到的 特殊攻击的伤害。,变化招式,墙类,
283,endeavor,蛮干,normal,physical,0,100,5,给予伤害， 使对手的ＨＰ变得 和自己的ＨＰ一样。,,接触类,
282,knock-off,拍落,dark,physical,65,100,20,拍落对手的持有物， 直到战斗结束都不能使用。 对手携带道具时会增加伤害。,,接触类,
205,rollout,滚动,rock,physical,30,90,20,在５回合内连续滚动攻击对手。 招式每次击中，威力就会提高。,,接触类,
15,cut,居合斩,normal,physical,50,95,30,用镰刀或爪子等 切斩对手进行攻击。,,切割类;接触类,
184,scary-face,鬼面,normal,status,0,100,10,用恐怖的脸瞪着对手， 使其害怕， 从而大幅降低对手的速度。,变化招式,,
97,agility,高速移动,psychic,status,0,100,30,让身体放松变得轻盈， 以便高速移动。 大幅提高自己的速度。,变化招式,,
526,work-up,自我激励,normal,status,0,100,30,激励自己， 从而提高攻击和特攻。,变化招式,,
86,thunder-wave,电磁波,electric,status,0,90,20,向对手发出 微弱的电击， 从而让对手陷入麻痹状态。,变化招式,,
9,thunder-punch,雷电拳,electric,physical,75,100,15,用充满电流的拳头攻击对手。 有时会让对手陷入麻痹状态。,10%，麻痹,拳类;接触类,
324,signal-beam,信号光束,bug,special,75,100,15,发射神奇的光线进行攻击。 有时会使对手混乱。,10%，混乱,,
447,grass-knot,打草结,grass,special,0,100,20,用草缠住并绊倒对手。 对手越重，威力越大。,,接触类,
57,surf,冲浪,water,special,90,100,15,利用大浪 攻击自己周围所有的宝可梦。,,,
497,echoed-voice,回声,normal,special,40,100,15,用回声攻击对手。 如果每回合都有宝可梦接着 使用该招式，威力就会提高。,,声音类,
85,thunderbolt,十万伏特,electric,special,90,100,15,向对手发出 强力电击进行攻击。 有时会让对手陷入麻痹状态。,10%，麻痹,,
201,sandstorm,沙暴,rock,status,0,100,10,在５回合内扬起沙暴，除岩石、地面和 钢属性以外的宝可梦，都会受到伤害。 岩石属性的特防还会提高。,变化招式,风类,
8,ice-punch,冰冻拳,ice,physical,75,100,15,用充满寒气的拳头攻击对手。 有时会让对手陷入冰冻状态。,10%，冰冻,拳类;接触类,
14,swords-dance,剑舞,normal,status,0,100,20,激烈地跳起战舞提高气势。 大幅提高自己的攻击。,变化招式,舞蹈类,
55,water-gun,水枪,water,special,40,100,25,向对手猛烈地喷射 水流进行攻击。,,,
87,thunder,打雷,electric,special,110,70,10,向对手劈下暴雷进行攻击。 有时会让对手陷入麻痹状态。,30%，麻痹,,下雨天气必中
130,skull-bash,火箭头锤,normal,physical,130,100,10,第１回合把头缩进去， 从而提高防御。 第２回合攻击对手。,需要一回合蓄力,接触类,
219,safeguard,神秘守护,normal,status,0,100,25,在５回合内 被神奇的力量守护， 从而不会陷入异常状态。,变化招式,,
250,whirlpool,潮旋,water,special,35,85,15,将对手困在激烈的 水流旋涡中， 在４～５回合内进行攻击。,必定，束缚,,
341,mud-shot,泥巴射击,ground,special,55,95,15,向对手投掷 泥块进行攻击。 同时降低对手的速度。,必定，对方速度 -1,,
43,leer,瞪眼,normal,status,0,100,30,用犀利的眼神使其害怕， 从而降低对手的防御。,变化招式,,
103,screech,刺耳声,normal,status,0,85,40,发出不由自主想要 捂起耳朵的刺耳声， 从而大幅降低对手的防御。,变化招式,声音类,
53,flamethrower,喷射火焰,fire,special,90,100,15,向对手发射 烈焰进行攻击。 有时会让对手陷入灼伤状态。,10%，烧伤,,
258,hail,冰雹,ice,status,0,100,10,在５回合内一直降冰雹， 除冰属性的宝可梦以外， 给予全体宝可梦伤害。,变化招式,,
269,taunt,挑衅,dark,status,0,100,20,使对手愤怒。 在３回合内让对手 只能使出给予伤害的招式。,变化招式,,
510,incinerate,烧尽,fire,special,60,100,15,用火焰攻击对手。 对手携带树果等时， 会烧掉，使其不能使用。,,,
210,fury-cutter,连斩,bug,physical,40,95,20,用镰刀或爪子等 切斩对手进行攻击。 连续击中，威力就会提高。,,切割类;接触类,
46,roar,吼叫,normal,status,0,100,20,放走对手，强制拉后备宝可梦上场。 如果对手为野生宝可梦， 战斗将直接结束。,变化招式,声音类,
45,growl,叫声,normal,status,0,100,40,让对手听可爱的叫声， 引开注意力使其疏忽， 从而降低对手的攻击。,变化招式,声音类,
126,fire-blast,大字爆炎,fire,special,110,85,5,用大字形状的火焰烧尽对手。 有时会让对手陷入灼伤状态。,10%，烧伤,,
204,charm,撒娇,fairy,status,0,100,20,可爱地凝视， 诱使对手疏忽大意， 从而大幅降低对手的攻击。,变化招式,,
707,stomping-tantrum,跺脚,ground,physical,75,100,10,化悔恨为力量进行攻击。 如果上一回合招式没有打中， 威力就会翻倍。,,接触类,
94,psychic,精神强念,psychic,special,90,100,10,向对手发送 强大的念力进行攻击。 有时会降低对手的特防。,10%，对方特防 -1,,
227,encore,再来一次,normal,status,0,100,5,让对手接受再来一次， 连续３次使出最后使用的招式。,变化招式,,
7,fire-punch,火焰拳,fire,physical,75,100,15,用充满火焰的拳头攻击对手。 有时会让对手陷入灼伤状态。,10%，烧伤,拳类;接触类,
56,hydro-pump,水炮,water,special,110,80,5,向对手猛烈地喷射 大量水流进行攻击。,,,
886,chilling-water,泼冷水,water,special,50,100,20,,,,
202,giga-drain,终极吸取,grass,special,75,100,10,吸取对手的养分进行攻击。 可以回复给予对手 伤害的一半ＨＰ。,吸取伤害 50% HP,吸取类,
138,dream-eater,食梦,psychic,special,100,100,15,吃掉正在睡觉的对手的梦 进行攻击。回复对手 所受到伤害的一半ＨＰ。,吸取伤害 50% HP,,
371,payback,以牙还牙,dark,physical,50,100,10,蓄力攻击。 如果能在对手之后攻击， 招式的威力会变成２倍。,,接触类,
514,retaliate,报仇,normal,physical,70,100,5,为倒下的同伴报仇。 如果上一回合有同伴倒下， 威力就会提高。,,接触类,
246,ancient-power,原始之力,rock,special,60,100,5,用原始之力进行攻击。 有时会提高 自己所有的能力。,10%，自身攻击 +1,,
673,laser-focus,磨砺,normal,status,0,100,30,集中精神， 下次攻击必定会击中要害。,变化招式,,
411,focus-blast,真气弹,fighting,special,120,70,5,提高气势， 释放出全部力量。 有时会降低对手的特防。,10%，对方特防 -1,弹类,
414,earth-power,大地之力,ground,special,90,100,10,向对手脚下 释放出大地之力。 有时会降低对手的特防。,10%，对方特防 -1,,
127,waterfall,攀瀑,water,physical,80,100,15,以惊人的气势扑向对手。 有时会使对手畏缩。,20%，畏缩,接触类,
175,flail,抓狂,normal,physical,0,100,15,抓狂般乱打进行攻击。 自己的ＨＰ越少， 招式的威力越大。,,接触类,
446,stealth-rock,隐形岩,rock,status,0,100,20,将无数岩石悬浮在对手的周围， 从而对替换出场的对手的 宝可梦给予伤害。,变化招式,,
133,amnesia,瞬间失忆,psychic,status,0,100,20,将头脑清空， 瞬间忘记某事， 从而大幅提高自己的特防。,变化招式,,
67,low-kick,踢倒,fighting,physical,0,100,20,用力踢对手的脚， 使其摔倒进行攻击。 对手越重，威力越大。,,接触类,
192,zap-cannon,电磁炮,electric,special,120,50,5,发射大炮一样的 电流进行攻击。 让对手陷入麻痹状态。,必定，麻痹,弹类,
347,calm-mind,冥想,psychic,status,0,100,20,静心凝神， 从而提高自己的特攻和特防。,变化招式,,
444,stone-edge,尖石攻击,rock,physical,100,80,5,用尖尖的岩石 刺入对手进行攻击。 容易击中要害。,,,
451,charge-beam,充电光束,electric,special,50,90,10,向对手发射电击光束。 由于蓄满电流， 有时会提高自己的特攻。,70%，自身特攻 +1,,
468,hone-claws,磨爪,dark,status,0,100,15,将爪子磨得更加锋利。 提高自己的攻击和命中率。,变化招式,,
343,covet,渴望,normal,physical,60,100,25,一边可爱地撒娇， 一边靠近对手进行攻击， 还能夺取对手携带的道具。,,接触类,
118,metronome,挥指,normal,status,0,100,10,挥动手指刺激自己的大脑， 从所有的招式中 任意使出１个。,,,
61,bubble-beam,泡沫光线,water,special,65,100,20,向对手猛烈地喷射 泡沫进行攻击。 有时会降低对手的速度。,10%，对方速度 -1,,
291,dive,潜水,water,physical,80,100,10,第１回合潜入， 第２回合浮上来进行攻击。,需要一回合蓄力,接触类,
226,baton-pass,接棒,normal,status,0,100,40,和后备宝可梦进行替换。 换上的宝可梦能直接继承 其能力的变化。,变化招式,,
311,weather-ball,气象球,normal,special,50,100,10,根据使用时的天气， 招式属性和威力会改变。,,弹类,
412,energy-ball,能量球,grass,special,90,100,10,发射从自然收集的生命力量。 有时会降低对手的特防。,10%，对方特防 -1,弹类,
503,scald,热水,water,special,80,100,15,向对手喷射 煮得翻滚的开水进行攻击。 有时会让对手陷入灼伤状态。,30%，烧伤,,
402,seed-bomb,种子炸弹,grass,physical,80,100,15,将外壳坚硬的大种子， 从上方砸下攻击对手。,,弹类,
44,bite,咬住,dark,physical,60,100,25,用尖锐的牙 咬住对手进行攻击。 有时会使对手畏缩。,30%，畏缩,咬类;接触类,
259,torment,无理取闹,dark,status,0,100,15,向对手无理取闹， 令其不能连续２次 使出相同招式。,变化招式,,
188,sludge-bomb,污泥炸弹,poison,special,90,100,10,用污泥投掷对手进行攻击。 有时会让对手陷入中毒状态。,30%，中毒,弹类,
334,iron-defense,铁壁,steel,status,0,100,15,将皮肤变得坚硬如铁， 从而大幅提高自己的防御。,变化招式,,
98,quick-attack,电光一闪,normal,physical,40,100,30,以迅雷不及掩耳之势扑向对手。 必定能够先制攻击。,,接触类,
304,hyper-voice,巨声,normal,special,90,100,10,给予对手又吵又响的 巨大震动进行攻击。,,声音类,
398,poison-jab,毒击,poison,physical,80,100,20,用带毒的触手或手臂刺入对手。 有时会让对手陷入中毒状态。,30%，中毒,接触类,
242,crunch,咬碎,dark,physical,80,100,15,用利牙咬碎对手进行攻击。 有时会降低对手的防御。,20%，对方防御 -1,咬类;接触类,
116,focus-energy,聚气,normal,status,0,100,30,深深地吸口气，集中精神。 自己的攻击 会变得容易击中要害。,变化招式,,
180,spite,怨恨,ghost,status,0,100,10,对对手最后使用的招式 怀有怨恨， 减少４ＰＰ该招式。,,,
171,nightmare,恶梦,ghost,status,0,100,15,让在睡眠状态下的对手做恶梦， 每回合会缓缓减少ＨＰ。,,,
389,sucker-punch,突袭,dark,physical,70,100,5,可以比对手先攻击。 对手使出的招式 如果不是攻击招式则会失败。,,接触类,
109,confuse-ray,奇异之光,ghost,status,0,100,10,显示奇怪的光， 扰乱对手。 使对手混乱。,变化招式,,
710,liquidation,水流裂破,water,physical,85,100,10,用水之力量撞向对手进行攻击。 有时会降低对手的防御。,20%，对方防御 -1,接触类,
277,magic-coat,魔法反射,psychic,status,0,100,15,当对手使出会变成异常状态的 招式或寄生种子等时， 会将对手的招式反射回去。,,,
401,aqua-tail,水流尾,water,physical,90,90,10,如惊涛骇浪般挥动 大尾巴攻击对手。,,接触类,
479,smack-down,击落,rock,physical,50,100,15,扔石头或炮弹， 攻击飞行的对手。 对手会被击落，掉到地面。,,,
179,reversal,起死回生,fighting,physical,0,100,15,竭尽全力进行攻击。 自己的ＨＰ越少， 招式的威力越大。,,接触类,
431,rock-climb,攀岩,normal,physical,90,85,20,用尽全力扑向对手进行攻击。 有时会使对手混乱。,,接触类,
442,iron-head,铁头,steel,physical,80,100,15,用钢铁般 坚硬的头部进行攻击。 有时会使对手畏缩。,30%，畏缩,接触类,
605,dazzling-gleam,魔法闪耀,fairy,special,80,100,10,向对手发射强光， 并给予伤害。,,,
271,trick,戏法,psychic,status,0,100,10,抓住对手的空隙， 交换自己和对手的持有物。,,,
466,ominous-wind,奇异之风,ghost,special,60,100,5,突然刮起毛骨悚然的暴风 攻击对手。有时会提高 自己的全部能力。,10%，自身攻击 +1,风类,
675,throat-chop,地狱突刺,dark,physical,80,100,15,受到此招式攻击的对手， 会因为地狱般的痛苦，在２回合内， 变得无法使出声音类招式。,,接触类,
477,telekinesis,意念移物,psychic,status,0,100,15,利用超能力使对手浮起来。 在３回合内 攻击会变得容易打中对手。,,,
285,skill-swap,特性互换,psychic,status,0,100,10,利用超能力互换 自己和对手的特性。,,,
421,shadow-claw,暗影爪,ghost,physical,70,100,15,以影子做成的锐爪， 劈开对手。 容易击中要害。,无附加效果,接触类,
366,tailwind,顺风,flying,status,0,100,15,刮起猛烈的旋风， 在４回合内 提高我方全员的速度。,变化招式,风类,
60,psybeam,幻象光线,psychic,special,65,100,20,向对手发射 神奇的光线进行攻击。 有时会使对手混乱。,10%，混乱,,
432,defog,清除浓雾,flying,status,0,100,15,用强风吹开对手的 反射壁或光墙等。 也会降低对手的闪避率。,变化招式,,
362,brine,盐水,water,special,65,100,10,当对手的ＨＰ 负伤到一半左右时， 招式威力会变成２倍。,,,
276,superpower,蛮力,fighting,physical,120,100,5,发挥惊人的力量攻击对手。 自己的攻击和防御会降低。,必定，自身攻击 -1,接触类,
239,twister,龙卷风,dragon,special,40,100,20,兴起龙卷风， 将对手卷入进行攻击。 有时会使对手畏缩。,,风类,
114,haze,黑雾,ice,status,0,100,30,升起黑雾，将正在场上战斗的 全体宝可梦的能力变回原点。,变化招式,,
417,nasty-plot,诡计,dark,status,0,100,20,谋划诡计，激活头脑。 大幅提高自己的特攻。,变化招式,,
257,heat-wave,热风,fire,special,95,90,10,将炎热的气息 吹向对手进行攻击。 有时会让对手陷入灼伤状态。,10%，烧伤,风类,
314,air-cutter,空气利刃,flying,special,60,95,25,用锐利的风 切斩对手进行攻击。 容易击中要害。,,风类,
502,ally-switch,交换场地,psychic,status,0,100,15,用神奇的力量瞬间移动， 互换自己和同伴所在的位置。,,,
200,outrage,逆鳞,dragon,physical,120,100,10,在２～３回合内， 乱打一气地进行攻击。 大闹一番后自己会陷入混乱。,,接触类,
330,muddy-water,浊流,water,special,90,85,10,向对手喷射 浑浊的水进行攻击。 有时会降低对手的命中率。,30%，对方命中 -1,,
372,assurance,恶意追击,dark,physical,60,100,10,如果此回合内对手 已经受到伤害的话， 招式威力会变成２倍。,,接触类,
409,drain-punch,吸取拳,fighting,physical,75,100,10,用拳头吸取对手的力量。 可以回复给予对手 伤害的一半ＨＰ。,吸取伤害 50% HP,拳类;接触类,
474,venoshock,毒液冲击,poison,special,65,100,10,将特殊的毒液泼向对手。 对处于中毒状态的对手， 威力会变成２倍。,,,
355,roost,羽栖,flying,status,0,100,5,降到地面，使身体休息。 回复自己最大ＨＰ的一半。,变化招式,,
387,last-resort,珍藏,normal,physical,140,100,5,当战斗中已学会的招式 全部使用过后， 才能开始使出珍藏的招式。,,接触类,
289,snatch,抢夺,dark,status,0,100,10,将对手打算使用的回复招式 或能力变化招式夺为己用。,,,
611,infestation,死缠烂打,bug,special,20,100,20,在４～５回合内 死缠烂打地进行攻击。 在此期间对手将无法逃走。,必定，束缚,接触类,
66,submission,地狱翻滚,fighting,physical,80,80,20,将对手连同自己一起 摔向地面进行攻击。 自己也会受到少许伤害。,反伤 25%,接触类;反伤类,
369,u-turn,急速折返,bug,physical,70,100,20,在攻击之后急速返回， 和后备宝可梦进行替换。,必定,接触类,
72,mega-drain,超级吸取,grass,special,40,100,15,吸取对手的养分进行攻击。 可以回复给予对手 伤害的一半ＨＰ。,吸取伤害 50% HP,吸取类,
206,false-swipe,点到为止,normal,physical,40,100,40,对手的ＨＰ 至少会留下１ＨＰ， 如此般手下留情地攻击。,,接触类,
693,brutal-swing,狂舞挥打,dark,physical,60,100,20,用自己的身体狂舞挥打， 给予对手伤害。,,接触类,
272,role-play,扮演,psychic,status,0,100,10,扮演对手， 让自己的特性 变得和对手相同。,,,
473,psyshock,精神冲击,psychic,special,80,100,10,将神奇的念波实体化攻击对手。 给予物理伤害。,,,
492,foul-play,欺诈,dark,physical,95,100,15,利用对手的力量进行攻击。 正和自己战斗的对手， 其攻击越高，伤害越大。,,接触类,
267,nature-power,自然之力,normal,status,0,100,20,用自然之力进行攻击。 根据所使用场所的不同， 使出的招式也会有所变化。,,,
48,supersonic,超音波,normal,status,0,55,20,从身体发出 特殊的音波， 从而使对手混乱。,变化招式,声音类,
228,pursuit,追打,dark,physical,40,100,20,当对手替换宝可梦上场时 使出此招式的话， 能够以２倍的威力进行攻击。,,接触类,
340,bounce,弹跳,flying,physical,85,85,5,弹跳到高高的空中， 第２回合攻击对手。 有时会让对手陷入麻痹状态。,需要一回合蓄力,接触类,
500,stored-power,辅助力量,psychic,special,20,100,10,用蓄积起来的力量攻击对手。 自己的能力提高得越多， 威力就越大。,,,
120,self-destruct,自爆,normal,physical,200,100,5,引发爆炸， 攻击自己周围所有的宝可梦。 使用后陷入濒死。,,,
403,air-slash,空气斩,flying,special,75,95,15,用连天空也能劈开的 空气之刃进行攻击。 有时会使对手畏缩。,30%，畏缩,风类,
399,dark-pulse,恶之波动,dark,special,80,100,15,从体内发出 充满恶意的恐怖气场。 有时会使对手畏缩。,20%，畏缩,波类,
419,avalanche,雪崩,ice,physical,60,100,10,如果受到对手的招式攻击， 就能给予该对手 ２倍威力的攻击。,,接触类,
776,body-press,扑击,fighting,physical,80,100,10,用身体撞向对手进行攻击。 防御越高， 给予的伤害就越高。,,接触类,
220,pain-split,分担痛楚,normal,status,0,100,20,将自己的ＨＰ和 对手的ＨＰ相加， 然后自己和对手友好地平分。,,,
313,fake-tears,假哭,dark,status,0,100,20,装哭流泪。 使对手不知所措， 从而大幅降低对手的特防。,变化招式,,
583,play-rough,嬉闹,fairy,physical,90,90,10,与对手嬉闹并攻击。 有时会降低对手的攻击。,10%，对方攻击 -1,接触类,
248,future-sight,预知未来,psychic,special,120,100,10,在使用招式２回合后， 向对手发送一团念力进行攻击。,,,
261,will-o-wisp,鬼火,fire,status,0,85,15,放出怪异的火焰， 从而让对手陷入灼伤状态。,变化招式,,
39,tail-whip,摇尾巴,normal,status,0,100,30,可爱地左右摇晃尾巴， 诱使对手疏忽大意。 会降低对手的防御。,变化招式,,
93,confusion,念力,psychic,special,50,100,25,向对手发送 微弱的念力进行攻击。 有时会使对手混乱。,10%，混乱,,
286,imprison,封印,psychic,status,0,100,10,如果对手有和自己相同的招式， 那么只有对手无法使用该招式。,变化招式,,
163,slash,劈开,normal,physical,70,100,20,用爪子或镰刀等 劈开对手进行攻击。 容易击中要害。,,切割类;接触类,
512,acrobatics,杂技,flying,physical,55,100,15,轻巧地攻击对手。 自己没有携带道具时， 会给予较大的伤害。,,接触类,
106,harden,变硬,normal,status,0,100,30,全身使劲，让身体变硬， 从而提高自己的防御。,,,
50,disable,定身法,normal,status,0,100,20,阻碍对手行动， 之前使出的招式 将在４回合内无法使用。,变化招式,,
278,recycle,回收利用,normal,status,0,100,10,使战斗中已经消耗掉的 自己的持有物再生， 并可以再次使用。,,,
345,magical-leaf,魔法叶,grass,special,60,100,20,散落可以追踪 对手的神奇叶片。 攻击必定会命中。,必定命中,,
287,refresh,焕然一新,normal,status,0,100,20,让身体休息， 治愈自己身上所中的 毒、麻痹、灼伤的异常状态。,变化招式,,
433,trick-room,戏法空间,psychic,status,0,100,5,制造出离奇的空间。 在５回合内 速度慢的宝可梦可以先行动。,,,
331,bullet-seed,种子机关枪,grass,physical,25,100,30,向对手猛烈地 发射种子进行攻击。 连续攻击２～５次。,连续攻击 2-5 次,弹类,
185,feint-attack,出奇一击,dark,physical,60,100,20,悄悄地靠近对手， 趁其不备进行殴打。 攻击必定会命中。,必定命中,接触类,
528,wild-charge,疯狂伏特,electric,physical,90,100,15,让电流覆盖全身 撞向对手进行攻击。 自己也会受到少许伤害。,反伤 25%,接触类;反伤类,
230,sweet-scent,甜甜香气,normal,status,0,100,20,用香气大幅降低对手的闪避率。,变化招式,,
28,sand-attack,泼沙,ground,status,0,100,15,向对手脸上泼沙子， 从而降低命中率。,变化招式,,
350,rock-blast,岩石爆击,rock,physical,25,90,10,向对手发射 坚硬的岩石进行攻击。 连续攻击２～５次。,连续攻击 2-5 次,弹类,
90,fissure,地裂,ground,physical,0,30,5,让对手掉落于地裂的 裂缝中进行攻击。 只要命中就会一击濒死。,,,
310,astonish,惊吓,ghost,physical,30,100,15,用尖叫声等 突然惊吓对手进行攻击。 有时会使对手畏缩。,30%，畏缩,,
321,tickle,挠痒,normal,status,0,100,20,给对手挠痒，使其发笑， 从而降低对手的攻击和防御。,变化招式,,
667,high-horsepower,十万马力,ground,physical,95,95,10,使出全身力量， 猛攻对手。,,接触类,
356,gravity,重力,psychic,status,0,100,5,在５回合内，飘浮特性和飞行属性的 宝可梦会被地面属性的招式击中。 飞向空中的招式也将无法使用。,,,
153,explosion,大爆炸,normal,physical,250,100,5,引发大爆炸， 攻击自己周围所有的宝可梦。 使用后自己会陷入濒死。,,,
10,scratch,抓,normal,physical,40,100,35,用坚硬且无比锋利的爪子 抓对手进行攻击。,,接触类,
211,steel-wing,钢翼,steel,physical,70,90,25,用坚硬的翅膀敲打 对手进行攻击。 有时会提高自己的防御。,,接触类,
814,dual-wingbeat,双翼,flying,physical,40,90,10,将翅膀撞向对手进行攻击。 连续２次给予伤害。,,接触类,
335,block,挡路,normal,status,0,100,5,张开双手进行阻挡， 封住对手的退路， 使其不能逃走。,,,
406,dragon-pulse,龙之波动,dragon,special,85,100,10,从大大的口中 掀起冲击波攻击对手。,,波类,
360,gyro-ball,陀螺球,steel,physical,0,100,5,让身体高速旋转并撞击对手。 速度比对手越慢，威力越大。,,弹类;接触类,
450,bug-bite,虫咬,bug,physical,60,100,20,咬住进行攻击。 当对手携带树果时， 可以食用并获得其效果。,,接触类,
149,psywave,精神波,psychic,special,0,100,15,向对手发射 神奇的念波进行攻击。 每次使用，伤害都会改变。,,,
441,gunk-shot,垃圾射击,poison,physical,120,80,5,用肮脏的垃圾 撞向对手进行攻击。 有时会让对手陷入中毒状态。,30%，中毒,,
397,rock-polish,岩石打磨,rock,status,0,100,20,打磨自己的身体， 减少空气阻力。 可以大幅提高自己的速度。,变化招式,,
81,string-shot,吐丝,bug,status,0,95,40,用口中吐出的丝缠绕对手， 从而大幅降低对手的速度。,变化招式,,
235,synthesis,光合作用,grass,status,0,100,5,回复自己的ＨＰ。 根据天气的不同， 回复量也会有所变化。,变化招式,,
154,fury-swipes,乱抓,normal,physical,18,80,15,用爪子或镰刀等 抓对手进行攻击。 连续攻击２～５次。,连续攻击 2-5 次,接触类,
388,worry-seed,烦恼种子,grass,status,0,100,10,种植心神不宁的种子。 使对手不能入眠， 并将特性变成不眠。,,,
71,absorb,吸取,grass,special,20,100,25,吸取对手的养分进行攻击。 可以回复给予对手 伤害的一半ＨＰ。,吸取伤害 50% HP,吸取类,
490,low-sweep,下盘踢,fighting,physical,65,100,20,以敏捷的动作瞄准 对手的脚进行攻击。 降低对手的速度。,必定，对方速度 -1,接触类,
19,fly,飞翔,flying,physical,90,95,15,第１回合飞上天空， 第２回合攻击对手。,需要一回合蓄力,接触类,
281,yawn,哈欠,normal,status,0,100,10,打个大哈欠引起睡意。 在下一回合让对手陷入睡眠状态。,变化招式,,
328,sand-tomb,流沙地狱,ground,physical,35,85,15,将对手困在 铺天盖地的沙暴中， 在４～５回合内进行攻击。,必定，束缚,,
215,heal-bell,治愈铃声,normal,status,0,100,5,让同伴听舒适的铃音， 从而治愈我方全员的异常状态。,变化招式,,
95,hypnosis,催眠术,psychic,status,0,60,20,施以诱导睡意的暗示， 让对手陷入睡眠状态。,变化招式,,
580,grassy-terrain,青草场地,grass,status,0,100,10,在５回合内变成青草场地。 地面上的宝可梦每回合都能回复。 草属性的招式威力还会提高。,,,
232,metal-claw,金属爪,steel,physical,50,95,35,用钢铁之爪 劈开对手进行攻击。 有时会提高自己的攻击。,10%，自身攻击 +1,接触类,
315,overheat,过热,fire,special,130,90,5,使出全部力量攻击对手。 使用之后会因为反作用力， 自己的特攻大幅降低。,必定，自身特攻 -2,,
100,teleport,瞬间移动,psychic,status,0,100,20,停止和野生宝可梦战斗并逃走。,,,
472,wonder-room,奇妙空间,psychic,status,0,100,10,制造出离奇的空间。 在５回合内互换 所有宝可梦的防御和特防。,,,
83,fire-spin,火焰旋涡,fire,special,35,85,15,将对手困在 激烈的火焰旋涡中， 在４～５回合内进行攻击。,必定，束缚,,
555,snarl,大声咆哮,dark,special,55,95,15,没完没了地大声斥责， 从而降低对手的特攻。,必定，对方特攻 -1,声音类,
364,feint,佯攻,normal,physical,30,100,10,能够攻击正在使用 守住或看穿等招式的对手。 解除其守护效果。,,接触类,
484,heavy-slam,重磅冲撞,steel,physical,0,100,10,用沉重的身体撞向对手进行攻击。 自己比对手越重，威力越大。,,接触类,
491,acid-spray,酸液炸弹,poison,special,40,100,20,喷出能溶化对手的液体进行攻击。 大幅降低对手的特防。,,弹类,
193,foresight,识破,normal,status,0,100,40,对幽灵属性宝可梦没有效果的招式 以及闪避率高的对手， 使用后变得能够打中。,,,
390,toxic-spikes,毒菱,poison,status,0,100,20,在对手的脚下撒毒菱。 使对手替换出场的宝可梦中毒。,变化招式,,
806,skitter-smack,爬击,bug,physical,70,90,10,从对手背后爬近后进行攻击。 会降低对手的特攻。,,接触类,
20,bind,绑紧,normal,physical,15,85,20,使用长长的身体或藤蔓等， 在４～５回合内 绑紧对手进行攻击。,必定，束缚,接触类,
73,leech-seed,寄生种子,grass,status,0,90,10,植入寄生种子后，将在每回合 一点一点吸取对手的ＨＰ， 从而用来回复自己的ＨＰ。,变化招式,,
482,sludge-wave,污泥波,poison,special,95,100,10,用污泥波攻击 自己周围所有的宝可梦。 有时会陷入中毒状态。,,,
349,dragon-dance,龙之舞,dragon,status,0,100,20,激烈地跳起神秘 且强有力的舞蹈。 从而提高自己的攻击和速度。,变化招式,舞蹈类,
525,dragon-tail,龙尾,dragon,physical,60,90,10,弹飞对手，强制拉后备宝可梦上场。 如果对手为野生宝可梦， 战斗将直接结束。,必定,接触类,
18,whirlwind,吹飞,normal,status,0,100,20,吹飞对手，强制拉后备宝可梦上场。 如果对手为野生宝可梦， 战斗将直接结束。,变化招式,,
808,lash-out,泄愤,dark,physical,75,100,5,攻击对手以发泄对其感到的恼怒情绪。 如果在该回合内自身能力遭到降低， 招式的威力会变成２倍。,,接触类,
400,night-slash,暗袭要害,dark,physical,70,100,15,抓住瞬间的空隙 切斩对手。 容易击中要害。,,切割类;接触类,
37,thrash,大闹一番,normal,physical,120,100,10,在２～３回合内， 乱打一气地攻击对手。 大闹一番后自己会陷入混乱。,,接触类,
1,pound,拍击,normal,physical,40,100,35,使用长长的尾巴或手等 拍打对手进行攻击。,,接触类,
437,leaf-storm,飞叶风暴,grass,special,130,90,5,用尖尖的叶片向对手卷起风暴。 使用之后因为反作用力 自己的特攻会大幅降低。,必定，自身特攻 -2,风类,
424,fire-fang,火焰牙,fire,physical,65,95,15,用覆盖着火焰的牙齿咬住对手。 有时会使对手畏缩 或陷入灼伤状态。,,咬类;接触类,
815,scorching-sands,热沙大地,ground,special,70,100,10,将滚烫的沙子砸向对手进行攻击。 有时会让对手陷入灼伤状态。,,,
54,mist,白雾,ice,status,0,100,30,用白雾覆盖身体。 在５回合内不会让对手 降低自己的能力。,,,
404,x-scissor,十字剪,bug,physical,80,100,15,将镰刀或爪子像剪刀般地交叉， 顺势劈开对手。,,切割类;接触类,
21,slam,摔打,normal,physical,80,75,20,使用长长的尾巴或藤蔓等 摔打对手进行攻击。,,接触类,
506,hex,祸不单行,ghost,special,65,100,10,接二连三地进行攻击。 对处于异常状态的对手 给予较大的伤害。,,,
495,after-you,您先请,normal,status,0,100,15,支援我方或对手的行动， 使其紧接着此招式之后行动。,,,
883,snowscape,雪景,ice,status,0,100,10,,,,
225,dragon-breath,龙息,dragon,special,60,100,20,将强烈的气息 吹向对手进行攻击。 有时会让对手陷入麻痹状态。,30%，麻痹,,
252,fake-out,击掌奇袭,normal,physical,40,100,10,进行先制攻击，使对手畏缩。 要在出场后立刻使出才能成功。,必定，畏缩,接触类,
527,electroweb,电网,electric,special,55,95,15,用电网捉住对手进行攻击。 降低对手的速度。,必定，对方速度 -1,,
522,struggle-bug,虫之抵抗,bug,special,50,100,20,抵抗并攻击对手。 降低对手的特攻。,,,
162,super-fang,愤怒门牙,normal,physical,0,90,10,用锋利的门牙 猛烈地咬住对手进行攻击。 对手的ＨＰ减半。,,接触类,
101,night-shade,黑夜魔影,ghost,special,0,100,15,显示恐怖幻影， 只给予对手 和自己等级相同的伤害。,,,
339,bulk-up,健美,fighting,status,0,100,20,使出全身力气绷紧肌肉， 从而提高自己的攻击和防御。,变化招式,,
542,hurricane,暴风,flying,special,110,70,10,用强烈的风席卷 对手进行攻击。 有时会使对手混乱。,,风类,
577,draining-kiss,吸取之吻,fairy,special,50,100,10,用一个吻吸取对手的ＨＰ。 回复给予对手 伤害的一半以上的ＨＰ。,吸取伤害 50% HP,接触类,
797,expanding-force,广域战力,psychic,special,80,100,10,利用精神力量攻击对手。 在精神场地上威力会有所提高， 能对所有对手造成伤害。,,,
370,close-combat,近身战,fighting,physical,120,100,5,放弃守护， 向对手的怀里突击。 自己的防御和特防会降低。,必定，自身防御 -1,接触类,
145,bubble,泡沫,water,special,40,100,30,向对手用力吹起无数泡泡进行攻击。 有时会降低对手的速度。,10%，对方速度 -1,,
300,mud-sport,玩泥巴,ground,status,0,100,15,一旦使用此招式， 周围就会弄得到处是泥。 在５回合内减弱电属性的招式。,,,
679,lunge,猛扑,bug,physical,80,100,15,全力猛扑对手进行攻击。 从而降低对手的攻击。,,接触类,
161,tri-attack,三重攻击,normal,special,80,100,10,用３种光线进行攻击。 有时会让对手陷入 麻痹、灼伤或冰冻的状态。,20%，tri-status,,
800,meteor-beam,流星光束,rock,special,120,90,10,第１回合聚集宇宙之力提高特攻， 第２回合攻击对手。,,,
917,psychic-noise,精神噪音,psychic,special,75,100,10,,,声音类,
803,grassy-glide,青草滑梯,grass,physical,55,100,20,仿佛在地面上滑行般地攻击对手。 在青草场地上， 必定能够先制攻击。,,接触类,
52,ember,火花,fire,special,40,100,25,向对手发射 小型火焰进行攻击。 有时会让对手陷入灼伤状态。,10%，烧伤,,
812,flip-turn,快速折返,water,physical,60,100,20,在攻击之后急速返回， 和后备宝可梦进行替换。,,接触类,
430,flash-cannon,加农光炮,steel,special,80,100,10,将身体的光芒 聚集在一点释放出去。 有时会降低对手的特防。,10%，对方特防 -1,,
884,pounce,虫扑,bug,physical,50,100,20,,,接触类,
365,pluck,啄食,flying,physical,60,100,20,用喙进行攻击。 当对手携带树果时， 可以食用并获得其效果。,,接触类,
423,ice-fang,冰冻牙,ice,physical,65,95,15,用藏有冷气的牙齿咬住对手。 有时会使对手畏缩 或陷入冰冻状态。,10%，冰冻,咬类;接触类,
393,magnet-rise,电磁飘浮,electric,status,0,100,10,利用电气产生的磁力浮在空中。 在５回合内可以飘浮。,变化招式,,
384,power-swap,力量互换,psychic,status,0,100,10,利用超能力互换 自己和对手的攻击 以及特攻的能力变化。,,,
13,razor-wind,旋风刀,normal,special,80,100,10,制造风之刃， 于第２回合攻击对手。 容易击中要害。,需要一回合蓄力,,
784,breaking-swipe,广域破坏,dragon,physical,60,100,15,用坚韧的尾巴 猛扫对手进行攻击， 从而降低对手的攻击。,,接触类,
64,peck,啄,flying,physical,35,100,35,用尖锐的喙或角 刺向对手进行攻击。,,接触类,
143,sky-attack,神鸟猛击,flying,physical,140,90,5,第２回合攻击对手。 偶尔使对手畏缩。 也容易击中要害。,需要一回合蓄力,接触类,
574,disarming-voice,魅惑之声,fairy,special,40,100,15,发出魅惑的叫声， 给予对手精神上的伤害。 攻击必定会命中。,必定命中,声音类,
914,alluring-voice,魅诱之声,fairy,special,80,100,10,,,声音类,
326,extrasensory,神通力,psychic,special,80,100,20,发出看不见的 神奇力量进行攻击。 有时会使对手畏缩。,10%，畏缩,,
394,flare-blitz,闪焰冲锋,fire,physical,120,100,15,让火焰覆盖全身猛撞向对手。 自己也会受到不小的伤害。 有时会让对手陷入灼伤状态。,反伤 33%,接触类;反伤类,
488,flame-charge,蓄能焰袭,fire,physical,50,100,20,让火焰覆盖全身，攻击对手。 积蓄力量并提高自己的速度。,必定，自身速度 +1,接触类,
799,scale-shot,鳞射,dragon,physical,25,90,20,发射鳞片进行攻击。 连续攻击２～５次。 速度会提高但防御会降低。,,,
318,silver-wind,银色旋风,bug,special,60,100,5,在风中掺入鳞粉攻击对手。 有时会提高自己的全部能力。,10%，自身攻击 +1,,
529,drill-run,直冲钻,ground,physical,80,95,10,像钢钻一样，一边旋转身体 一边撞击对手。 容易击中要害。,,接触类,
141,leech-life,吸血,bug,physical,80,100,10,吸取血液攻击对手。 可以回复给予对手 伤害的一半ＨＰ。,吸取伤害 50% HP,接触类,
273,wish,祈愿,normal,status,0,100,10,在下一回合回复自己或是 替换出场的宝可梦最大ＨＰ的一半。,变化招式,,
150,splash,跃起,normal,status,0,100,40,也不攻击只是一蹦一蹦地跳， 什么都不会发生……,,,
23,stomp,踩踏,normal,physical,65,100,20,用大脚踩踏对手进行攻击。 有时会使对手畏缩。,30%，畏缩,接触类,
17,wing-attack,翅膀攻击,flying,physical,60,100,35,大大地展开美丽的翅膀， 将其撞向对手进行攻击。,,接触类,
915,temper-flare,豁出去,fire,physical,75,100,10,,,接触类,
24,double-kick,二连踢,fighting,physical,30,100,30,用２只脚踢飞对手进行攻击。 连续２次给予伤害。,,接触类,
373,embargo,查封,dark,status,0,100,15,让对手在５回合内不能使用 宝可梦携带的道具。训练家也 不能给那只宝可梦使用道具。,变化招式,,
410,vacuum-wave,真空波,fighting,special,40,100,30,挥动拳头， 掀起真空波。 必定能够先制攻击。,,弹类,
678,psychic-terrain,精神场地,psychic,status,0,100,10,在５回合内，地面上的宝可梦 不会受到先制招式的攻击。 超能力属性的招式威力会提高。,,,
74,growth,生长,normal,status,0,100,20,让身体一下子长大， 从而提高攻击和特攻。,变化招式,,
77,poison-powder,毒粉,poison,status,0,75,35,撒出毒粉， 从而让对手陷入中毒状态。,变化招式,粉尘类,
422,thunder-fang,雷电牙,electric,physical,65,95,15,用蓄满电流的牙齿咬住对手。 有时会使对手畏缩 或陷入麻痹状态。,10%，麻痹,咬类;接触类,
6,pay-day,聚宝功,normal,physical,40,100,20,向对手的身体 投掷小金币进行攻击。 战斗后可以拿到钱。,,,
798,steel-roller,铁滚轮,steel,physical,130,100,5,在破坏场地的同时攻击对手。 如果脚下没有任何场地状态存在， 使出此招式时便会失败。,,接触类,
47,sing,唱歌,normal,status,0,55,15,让对手听舒适、 美妙的歌声， 从而陷入睡眠状态。,变化招式,声音类,
187,belly-drum,腹鼓,normal,status,0,100,10,将自己的ＨＰ减少到 最大ＨＰ的一半， 从而最大限度提高自己的攻击。,变化招式,,
392,aqua-ring,水流环,water,status,0,100,20,在自己身体的周围 覆盖用水制造的幕。 每回合回复ＨＰ。,变化招式,,
453,aqua-jet,水流喷射,water,physical,40,100,20,以迅雷不及掩耳之势 扑向对手。 必定能够先制攻击。,,接触类,
861,ice-spinner,冰旋,ice,physical,80,100,15,,,接触类,
405,bug-buzz,虫鸣,bug,special,90,100,10,利用振动发出音波进行攻击。 有时会降低对手的特防。,10%，对方特防 -1,声音类,
40,poison-sting,毒针,poison,physical,15,100,35,将有毒的针 刺入对手进行攻击。 有时会让对手陷入中毒状态。,30%，中毒,,
413,brave-bird,勇鸟猛攻,flying,physical,120,100,15,收拢翅膀， 通过低空飞行突击对手。 自己也会受到不小的伤害。,反伤 33%,接触类;反伤类,
279,revenge,报复,fighting,physical,60,100,10,如果受到对手的招式攻击， 就能给予对手２倍的伤害。,,接触类,
706,psychic-fangs,精神之牙,psychic,physical,85,100,10,利用精神力量咬住对手进行攻击。 还可以破坏光墙和反射壁等。,必定,咬类;接触类,
598,eerie-impulse,怪异电波,electric,status,0,100,15,从身体放射出怪异电波， 让对手沐浴其中， 从而大幅降低其特攻。,变化招式,,
383,copycat,仿效,normal,status,0,100,20,模仿对手刚才使出的招式， 并使出相同招式。 如果对手还没出招则会失败。,,,
88,rock-throw,落石,rock,physical,50,90,15,拿起小岩石， 投掷对手进行攻击。,,,
16,gust,起风,flying,special,40,100,35,用翅膀将刮起的狂风 袭向对手进行攻击。,,风类,
254,stockpile,蓄力,normal,status,0,100,20,积蓄力量， 提高自己的防御和特防。 最多积蓄３次。,变化招式,,
498,chip-away,逐步击破,normal,physical,70,100,20,看准机会稳步攻击。 无视对手的能力变化， 直接给予伤害。,,接触类,
478,magic-room,魔法空间,psychic,status,0,100,10,制造出离奇的空间。 在５回合内所有宝可梦 携带道具的效果都会消失。,变化招式,,
346,water-sport,玩水,water,status,0,100,15,用水湿透周围。 在５回合内 减弱火属性的招式。,变化招式,,
385,guard-swap,防守互换,psychic,status,0,100,10,利用超能力互换 自己和对手的防御 以及特防的能力变化。,,,
105,recover,自我再生,normal,status,0,100,5,让细胞再生， 从而回复自己 最大ＨＰ的一半。,变化招式,,
251,beat-up,围攻,dark,physical,0,100,10,我方全员进行攻击。 同行的宝可梦越多， 招式的攻击次数越多。,,接触类,
229,rapid-spin,高速旋转,normal,physical,50,100,40,通过旋转来攻击对手。 还可以摆脱绑紧、紧束、 寄生种子和撒菱等招式。,必定，自身速度 +1,接触类,
268,charge,充电,electric,status,0,100,20,提高下一回合使出的 电属性的招式威力。 自己的特防也会提高。,变化招式,,
521,volt-switch,伏特替换,electric,special,70,100,20,在攻击之后急速返回， 和后备宝可梦进行替换。,必定,,
191,spikes,撒菱,ground,status,0,100,20,在对手的脚下扔撒菱。 对替换出场的对手的宝可梦 给予伤害。,变化招式,,
608,baby-doll-eyes,圆瞳,fairy,status,0,100,30,用圆瞳凝视对手， 从而降低其攻击。 必定能够先制攻击。,,,
408,power-gem,力量宝石,rock,special,80,100,20,发射如宝石般 闪耀的光芒攻击对手。,,,
75,razor-leaf,飞叶快刀,grass,physical,55,95,25,飞出叶片， 切斩对手进行攻击。 容易击中要害。,,,
275,ingrain,扎根,grass,status,0,100,20,在大地上扎根， 每回合回复自己的ＨＰ。 因为扎根了，所以不能替换宝可梦。,变化招式,,
78,stun-spore,麻痹粉,grass,status,0,75,30,撒出麻痹粉， 从而让对手陷入麻痹状态。,变化招式,粉尘类,
255,spit-up,喷出,normal,special,0,100,10,将积蓄的力量 撞向对手进行攻击。 积蓄得越多，威力越大。,必定,,
256,swallow,吞下,normal,status,0,100,10,将积蓄的力量吞下， 从而回复自己的ＨＰ。 积蓄得越多，回复越大。,变化招式,,
426,mud-bomb,泥巴炸弹,ground,special,65,85,10,向对手发射 坚硬的泥弹进行攻击。 有时会降低对手的命中率。,30%，对方命中 -1,弹类,
562,belch,打嗝,poison,special,120,90,10,朝着对手打嗝， 并给予伤害。 如果不吃树果则无法使出。,,,
435,discharge,放电,electric,special,80,100,15,用耀眼的电击 攻击自己周围所有的宝可梦。 有时会陷入麻痹状态。,30%，麻痹,,
486,electro-ball,电球,electric,special,0,100,10,用电气团撞向对手。 自己比对手速度越快， 威力越大。,,弹类,
604,electric-terrain,电气场地,electric,status,0,100,10,在５回合内变成电气场地。 地面上的宝可梦将无法入眠。 电属性的招式威力还会提高。,,,
359,hammer-arm,臂锤,fighting,physical,100,90,10,挥舞强力而沉重的拳头， 给予对手伤害。 自己的速度会降低。,必定，自身速度 -1,接触类,
337,dragon-claw,龙爪,dragon,physical,80,100,15,用尖锐的巨爪 劈开对手进行攻击。,,接触类,
791,life-dew,生命水滴,water,status,0,100,10,喷洒出神奇的水， 回复自己和场上同伴的ＨＰ。,,,
297,feather-dance,羽毛舞,flying,status,0,100,15,撒出羽毛， 笼罩在对手的周围。 大幅降低对手的攻击。,变化招式,舞蹈类,
194,destiny-bond,同命,ghost,status,0,100,5,使出招式后，当受到对手攻击 陷入濒死时，对手也会一同濒死。 连续使出则会失败。,变化招式,,
79,sleep-powder,催眠粉,grass,status,0,75,15,撒出催眠粉， 从而让对手陷入睡眠状态。,变化招式,粉尘类,
243,mirror-coat,镜面反射,psychic,special,0,100,20,从对手那里受到 特殊攻击的伤害将以 ２倍返还给同一个对手。,,,
31,fury-attack,乱击,normal,physical,15,85,20,用角或喙 刺向对手进行攻击。 连续攻击２～５次。,连续攻击 2-5 次,接触类,
918,upper-hand,快手还击,fighting,physical,65,100,15,,,接触类,
684,smart-strike,修长之角,steel,physical,70,100,10,用尖尖的角刺入对手进行攻击。 攻击必定会命中。,,接触类,
469,wide-guard,广域防守,rock,status,0,100,10,在１回合内防住 击打我方全员的攻击。,变化招式,守住类,
427,psycho-cut,精神利刃,psychic,physical,70,100,20,用实体化的 心之利刃劈开对手。 容易击中要害。,,切割类;接触类,
62,aurora-beam,极光束,ice,special,65,100,20,向对手发射 虹色光束进行攻击。 有时会降低对手的攻击。,10%，对方攻击 -1,,
458,double-hit,二连击,normal,physical,35,90,10,使用尾巴等 拍打对手进行攻击。 连续２次给予伤害。,,接触类,
186,sweet-kiss,天使之吻,fairy,status,0,75,10,像天使般可爱地亲吻对手， 从而使对手混乱。,变化招式,,
212,mean-look,黑色目光,normal,status,0,100,5,用好似要勾人心魂的黑色目光 一动不动地凝视对手， 使其不能从战斗中逃走。,变化招式,,
195,perish-song,灭亡之歌,normal,status,0,100,5,倾听歌声的宝可梦 经过３回合陷入濒死。 替换后效果消失。,变化招式,声音类,
913,dragon-cheer,龙声鼓舞,dragon,status,0,0,15,,,声音类,
440,cross-poison,十字毒刃,poison,physical,70,100,20,用毒刃劈开对手。 有时会让对手陷入中毒状态， 也容易击中要害。,10%，中毒,接触类,
35,wrap,紧束,normal,physical,15,90,20,使用长长的身体或藤蔓等， 在４～５回合内 紧束对手进行攻击。,必定，束缚,接触类,
209,spark,电光,electric,physical,65,100,20,让电流覆盖全身， 猛撞向对手进行攻击。 有时会让对手陷入麻痹状态。,30%，麻痹,接触类,
599,venom-drench,毒液陷阱,poison,status,0,100,20,将特殊的毒液泼向对手。 对处于中毒状态的对手， 其攻击、特攻和速度都会降低。,,,
32,horn-drill,角钻,normal,physical,0,30,5,用旋转的角 刺入对手进行攻击。 只要命中就会一击濒死。,,接触类,
322,cosmic-power,宇宙力量,psychic,status,0,100,20,汲取宇宙中神秘的力量， 从而提高自己的防御和特防。,变化招式,,
505,heal-pulse,治愈波动,psychic,status,0,100,10,放出治愈波动， 从而回复对手 最大ＨＰ的一半。,变化招式,,
262,memento,临别礼物,dark,status,0,100,10,虽然会使自己陷入濒死， 但是能够大幅降低 对手的攻击和特攻。,变化招式,,
